Node,1,Inst_FunCall,,'  call void @llvm.dbg.declare(metadata i32* %2, metadata !19, metadata !DIExpression()), !dbg !20',44,,,/home/mlevatich/m/build/capo/C/tmp/control-feasible.c,74,14,2,-1
Node,2,Inst_FunCall,,'  call void @llvm.dbg.declare(metadata i32** %2, metadata !29, metadata !DIExpression()), !dbg !30',45,,,/home/mlevatich/m/build/capo/C/tmp/control-feasible.c,81,15,4,-1
Node,3,Inst_FunCall,,'  call void @llvm.dbg.declare(metadata i32** %3, metadata !31, metadata !DIExpression()), !dbg !32',45,,,/home/mlevatich/m/build/capo/C/tmp/control-feasible.c,83,8,5,-1
Node,4,Inst_FunCall,,'  call void @llvm.dbg.declare(metadata %struct.S* %4, metadata !34, metadata !DIExpression()), !dbg !40',45,,,/home/mlevatich/m/build/capo/C/tmp/control-feasible.c,84,5,8,-1
Node,5,Inst_FunCall,,'  call void @baz(i32 noundef %11), !dbg !39',45,,,/home/mlevatich/m/build/capo/C/tmp/control-feasible.c,87,3,17,-1
Node,6,Inst_FunCall,,'  call void @llvm.dbg.declare(metadata i32** %2, metadata !51, metadata !DIExpression()), !dbg !52',46,,,/home/mlevatich/m/build/capo/C/tmp/control-feasible.c,90,15,3,-1
Node,7,Inst_FunCall,,'  call void @llvm.dbg.declare(metadata i32** %3, metadata !53, metadata !DIExpression()), !dbg !54',46,,,/home/mlevatich/m/build/capo/C/tmp/control-feasible.c,91,8,4,-1
Node,8,Inst_FunCall,,'  call void @bar(i32* noundef %5), !dbg !26',46,,,/home/mlevatich/m/build/capo/C/tmp/control-feasible.c,92,3,8,-1
Node,9,Inst_FunCall,,'  call void @foo(i32* noundef @glob), !dbg !19',47,,,/home/mlevatich/m/build/capo/C/tmp/control-feasible.c,96,3,2,-1
Node,10,Inst_FunCall,,'  %3 = call i32 (i8*, ...) @printf(i8* noundef getelementptr inbounds ([11 x i8], [11 x i8]* @.str.4, i64 0, i64 0), i32 noundef %2), !dbg !21',47,,,/home/mlevatich/m/build/capo/C/tmp/control-feasible.c,97,3,4,-1
Node,11,Inst_Ret,,'  ret void, !dbg !24',44,,,/home/mlevatich/m/build/capo/C/tmp/control-feasible.c,77,1,6,-1
Node,12,Inst_Ret,,'  ret void, !dbg !40',45,,,/home/mlevatich/m/build/capo/C/tmp/control-feasible.c,88,1,18,-1
Node,13,Inst_Ret,,'  ret void, !dbg !27',46,,,/home/mlevatich/m/build/capo/C/tmp/control-feasible.c,93,1,9,-1
Node,14,Inst_Ret,,'  ret i32 0, !dbg !22',47,,,/home/mlevatich/m/build/capo/C/tmp/control-feasible.c,98,3,5,-1
Node,15,Inst_Other,,'  %2 = alloca i32, align 4',44,,,,-1,-1,0,-1
Node,16,Inst_Other,,'  store i32 %0, i32* %2, align 4',44,,,,-1,-1,1,-1
Node,17,Inst_Other,,'  %3 = load i32, i32* %2, align 4, !dbg !21',44,,,/home/mlevatich/m/build/capo/C/tmp/control-feasible.c,76,7,3,-1
Node,18,Inst_Other,,'  %4 = add nsw i32 %3, 1, !dbg !22',44,,,/home/mlevatich/m/build/capo/C/tmp/control-feasible.c,76,9,4,-1
Node,19,Inst_Other,,'  store i32 %4, i32* %2, align 4, !dbg !23',44,,,/home/mlevatich/m/build/capo/C/tmp/control-feasible.c,76,5,5,-1
Node,20,Inst_Other,,'  %2 = alloca i32*, align 8',45,,,,-1,-1,0,-1
Node,21,Inst_Other,,'  %3 = alloca i32*, align 8',45,,,,-1,-1,1,-1
Node,22,Inst_Other,,'  %4 = alloca %struct.S, align 8',45,,,,-1,-1,2,-1
Node,23,Inst_Other,,'  store i32* %0, i32** %2, align 8',45,,,,-1,-1,3,-1
Node,24,Inst_Other,,'  %5 = load i32*, i32** %2, align 8, !dbg !24',45,,,/home/mlevatich/m/build/capo/C/tmp/control-feasible.c,83,12,6,-1
Node,25,Inst_Other,,'  store i32* %5, i32** %3, align 8, !dbg !23',45,,,/home/mlevatich/m/build/capo/C/tmp/control-feasible.c,83,8,7,-1
Node,26,Inst_Other,,'  %6 = load i32*, i32** %3, align 8, !dbg !32',45,,,/home/mlevatich/m/build/capo/C/tmp/control-feasible.c,85,9,9,-1
Node,27,Inst_Other,,'  %7 = getelementptr inbounds %struct.S, %struct.S* %4, i32 0, i32 0, !dbg !33',45,,,/home/mlevatich/m/build/capo/C/tmp/control-feasible.c,85,5,10,-1
Node,28,Inst_Other,,'  store i32* %6, i32** %7, align 8, !dbg !34',45,,,/home/mlevatich/m/build/capo/C/tmp/control-feasible.c,85,7,11,-1
Node,29,Inst_Other,,'  %8 = getelementptr inbounds %struct.S, %struct.S* %4, i32 0, i32 1, !dbg !35',45,,,/home/mlevatich/m/build/capo/C/tmp/control-feasible.c,86,5,12,-1
Node,30,Inst_Other,,'  store i32 3, i32* %8, align 8, !dbg !36',45,,,/home/mlevatich/m/build/capo/C/tmp/control-feasible.c,86,7,13,-1
Node,31,Inst_Other,,'  %9 = getelementptr inbounds %struct.S, %struct.S* %4, i32 0, i32 0, !dbg !37',45,,,/home/mlevatich/m/build/capo/C/tmp/control-feasible.c,87,11,14,-1
Node,32,Inst_Other,,'  %10 = load i32*, i32** %9, align 8, !dbg !37',45,,,/home/mlevatich/m/build/capo/C/tmp/control-feasible.c,87,11,15,-1
Node,33,Inst_Other,,'  %11 = load i32, i32* %10, align 4, !dbg !38',45,,,/home/mlevatich/m/build/capo/C/tmp/control-feasible.c,87,7,16,-1
Node,34,Inst_Other,,'  %2 = alloca i32*, align 8',46,,,,-1,-1,0,-1
Node,35,Inst_Other,,'  %3 = alloca i32*, align 8',46,,,,-1,-1,1,-1
Node,36,Inst_Other,,'  store i32* %0, i32** %2, align 8',46,,,,-1,-1,2,-1
Node,37,Inst_Other,,'  %4 = load i32*, i32** %2, align 8, !dbg !24',46,,,/home/mlevatich/m/build/capo/C/tmp/control-feasible.c,91,12,5,-1
Node,38,Inst_Other,,'  store i32* %4, i32** %3, align 8, !dbg !23',46,,,/home/mlevatich/m/build/capo/C/tmp/control-feasible.c,91,8,6,-1
Node,39,Inst_Other,,'  %5 = load i32*, i32** %3, align 8, !dbg !25',46,,,/home/mlevatich/m/build/capo/C/tmp/control-feasible.c,92,7,7,-1
Node,40,Inst_Other,,'  %1 = alloca i32, align 4',47,,,,-1,-1,0,-1
Node,41,Inst_Other,,'  store i32 0, i32* %1, align 4',47,,,,-1,-1,1,-1
Node,42,Inst_Other,,'  %2 = load i32, i32* @glob, align 4, !dbg !20',47,,,/home/mlevatich/m/build/capo/C/tmp/control-feasible.c,97,25,3,-1
Node,43,VarNode_StaticGlobal,ORANGE_SHAREABLE,'@glob = dso_local global i32 5, align 4, !dbg !0',0,,,/home/mlevatich/m/build/capo/C/tmp/control-feasible.c,69,-1,-1,-1
Node,44,FunctionEntry,PURPLE_XD,'; Function Attrs: noinline nounwind optnone uwtable
define dso_local void @baz(i32 noundef %0) #0 !dbg !15 {
  %2 = alloca i32, align 4
  store i32 %0, i32* %2, align 4
  call void @llvm.dbg.declare(metadata i32* %2, metadata !19, metadata !DIExpression()), !dbg !20
  %3 = load i32, i32* %2, align 4, !dbg !21
  %4 = add nsw i32 %3, 1, !dbg !22
  store i32 %4, i32* %2, align 4, !dbg !23
  ret void, !dbg !24
}
',44,,,/home/mlevatich/m/build/capo/C/tmp/control-feasible.c,74,-1,-1,-1
Node,45,FunctionEntry,ORANGE_XD,'; Function Attrs: noinline nounwind optnone uwtable
define dso_local void @bar(i32* noundef %0) #0 !dbg !25 {
  %2 = alloca i32*, align 8
  %3 = alloca i32*, align 8
  %4 = alloca %struct.S, align 8
  store i32* %0, i32** %2, align 8
  call void @llvm.dbg.declare(metadata i32** %2, metadata !29, metadata !DIExpression()), !dbg !30
  call void @llvm.dbg.declare(metadata i32** %3, metadata !31, metadata !DIExpression()), !dbg !32
  %5 = load i32*, i32** %2, align 8, !dbg !33
  store i32* %5, i32** %3, align 8, !dbg !32
  call void @llvm.dbg.declare(metadata %struct.S* %4, metadata !34, metadata !DIExpression()), !dbg !40
  %6 = load i32*, i32** %3, align 8, !dbg !41
  %7 = getelementptr inbounds %struct.S, %struct.S* %4, i32 0, i32 0, !dbg !42
  store i32* %6, i32** %7, align 8, !dbg !43
  %8 = getelementptr inbounds %struct.S, %struct.S* %4, i32 0, i32 1, !dbg !44
  store i32 3, i32* %8, align 8, !dbg !45
  %9 = getelementptr inbounds %struct.S, %struct.S* %4, i32 0, i32 0, !dbg !46
  %10 = load i32*, i32** %9, align 8, !dbg !46
  %11 = load i32, i32* %10, align 4, !dbg !47
  call void @baz(i32 noundef %11), !dbg !48
  ret void, !dbg !49
}
',45,,,/home/mlevatich/m/build/capo/C/tmp/control-feasible.c,81,-1,-1,-1
Node,46,FunctionEntry,,'; Function Attrs: noinline nounwind optnone uwtable
define dso_local void @foo(i32* noundef %0) #0 !dbg !50 {
  %2 = alloca i32*, align 8
  %3 = alloca i32*, align 8
  store i32* %0, i32** %2, align 8
  call void @llvm.dbg.declare(metadata i32** %2, metadata !51, metadata !DIExpression()), !dbg !52
  call void @llvm.dbg.declare(metadata i32** %3, metadata !53, metadata !DIExpression()), !dbg !54
  %4 = load i32*, i32** %2, align 8, !dbg !55
  store i32* %4, i32** %3, align 8, !dbg !54
  %5 = load i32*, i32** %3, align 8, !dbg !56
  call void @bar(i32* noundef %5), !dbg !57
  ret void, !dbg !58
}
',46,,,/home/mlevatich/m/build/capo/C/tmp/control-feasible.c,90,-1,-1,-1
Node,47,FunctionEntry,,'; Function Attrs: noinline nounwind optnone uwtable
define dso_local i32 @main() #0 !dbg !59 {
  %1 = alloca i32, align 4
  store i32 0, i32* %1, align 4
  call void @foo(i32* noundef @glob), !dbg !62
  %2 = load i32, i32* @glob, align 4, !dbg !63
  %3 = call i32 (i8*, ...) @printf(i8* noundef getelementptr inbounds ([11 x i8], [11 x i8]* @.str.4, i64 0, i64 0), i32 noundef %2), !dbg !64
  ret i32 0, !dbg !65
}
',47,,,/home/mlevatich/m/build/capo/C/tmp/control-feasible.c,95,-1,-1,-1
Node,48,Param_FormalIn,,No Value,44,,,Not Found,-1,-1,-1,0
Node,49,Param_FormalIn,,No Value,45,,,Not Found,-1,-1,-1,0
Node,50,Param_FormalIn,,No Value,45,,,Not Found,-1,-1,-1,-1
Node,51,Param_FormalIn,,No Value,46,,,Not Found,-1,-1,-1,0
Node,52,Param_FormalIn,,No Value,46,,,Not Found,-1,-1,-1,-1
Node,53,Param_FormalOut,,No Value,44,,,Not Found,-1,-1,-1,0
Node,54,Param_FormalOut,,No Value,45,,,Not Found,-1,-1,-1,0
Node,55,Param_FormalOut,,No Value,45,,,Not Found,-1,-1,-1,-1
Node,56,Param_FormalOut,,No Value,46,,,Not Found,-1,-1,-1,0
Node,57,Param_FormalOut,,No Value,46,,,Not Found,-1,-1,-1,-1
Node,58,Param_ActualIn,,No Value,44,,,Not Found,-1,-1,-1,0
Node,59,Param_ActualIn,,No Value,45,,,Not Found,-1,-1,-1,0
Node,60,Param_ActualIn,,No Value,45,,,Not Found,-1,-1,-1,-1
Node,61,Param_ActualIn,,No Value,46,,,Not Found,-1,-1,-1,0
Node,62,Param_ActualIn,,No Value,46,,,Not Found,-1,-1,-1,-1
Node,63,Param_ActualOut,,No Value,44,,,Not Found,-1,-1,-1,0
Node,64,Param_ActualOut,,No Value,45,,,Not Found,-1,-1,-1,0
Node,65,Param_ActualOut,,No Value,45,,,Not Found,-1,-1,-1,-1
Node,66,Param_ActualOut,,No Value,46,,,Not Found,-1,-1,-1,0
Node,67,Param_ActualOut,,No Value,46,,,Not Found,-1,-1,-1,-1
Node,68,Annotation_Global,,'@llvm.global.annotations = appending global [3 x { i8*, i8*, i8*, i32, i8* }] [{ i8*, i8*, i8*, i32, i8* } { i8* bitcast (i32* @glob to i8*), i8* getelementptr inbounds ([17 x i8], [17 x i8]* @.str, i32 0, i32 0), i8* getelementptr inbounds ([54 x i8], [54 x i8]* @.str.1, i32 0, i32 0), i32 69, i8* null }, { i8*, i8*, i8*, i32, i8* } { i8* bitcast (void (i32)* @baz to i8*), i8* getelementptr inbounds ([10 x i8], [10 x i8]* @.str.2, i32 0, i32 0), i8* getelementptr inbounds ([54 x i8], [54 x i8]* @.str.1, i32 0, i32 0), i32 74, i8* null }, { i8*, i8*, i8*, i32, i8* } { i8* bitcast (void (i32*)* @bar to i8*), i8* getelementptr inbounds ([10 x i8], [10 x i8]* @.str.3, i32 0, i32 0), i8* getelementptr inbounds ([54 x i8], [54 x i8]* @.str.1, i32 0, i32 0), i32 81, i8* null }], section "llvm.metadata"',0,,,Not Found,-1,-1,-1,-1
Edge,1,ControlDep_CallInv,0,,,5,44,,,,,
Edge,2,ControlDep_CallInv,0,,,8,45,,,,,
Edge,3,ControlDep_CallInv,0,,,9,46,,,,,
Edge,4,ControlDep_CallRet,0,,,11,5,,,,,
Edge,5,ControlDep_CallRet,0,,,12,8,,,,,
Edge,6,ControlDep_CallRet,0,,,13,9,,,,,
Edge,7,ControlDep_Entry,0,,,44,15,,,,,
Edge,8,ControlDep_Entry,0,,,44,16,,,,,
Edge,9,ControlDep_Entry,0,,,44,1,,,,,
Edge,10,ControlDep_Entry,0,,,44,17,,,,,
Edge,11,ControlDep_Entry,0,,,44,18,,,,,
Edge,12,ControlDep_Entry,0,,,44,19,,,,,
Edge,13,ControlDep_Entry,0,,,44,11,,,,,
Edge,14,ControlDep_Entry,0,,,45,20,,,,,
Edge,15,ControlDep_Entry,0,,,45,21,,,,,
Edge,16,ControlDep_Entry,0,,,45,22,,,,,
Edge,17,ControlDep_Entry,0,,,45,23,,,,,
Edge,18,ControlDep_Entry,0,,,45,2,,,,,
Edge,19,ControlDep_Entry,0,,,45,3,,,,,
Edge,20,ControlDep_Entry,0,,,45,24,,,,,
Edge,21,ControlDep_Entry,0,,,45,25,,,,,
Edge,22,ControlDep_Entry,0,,,45,4,,,,,
Edge,23,ControlDep_Entry,0,,,45,26,,,,,
Edge,24,ControlDep_Entry,0,,,45,27,,,,,
Edge,25,ControlDep_Entry,0,,,45,28,,,,,
Edge,26,ControlDep_Entry,0,,,45,29,,,,,
Edge,27,ControlDep_Entry,0,,,45,30,,,,,
Edge,28,ControlDep_Entry,0,,,45,31,,,,,
Edge,29,ControlDep_Entry,0,,,45,32,,,,,
Edge,30,ControlDep_Entry,0,,,45,33,,,,,
Edge,31,ControlDep_Entry,0,,,45,5,,,,,
Edge,32,ControlDep_Entry,0,,,45,12,,,,,
Edge,33,ControlDep_Entry,0,,,46,35,,,,,
Edge,34,ControlDep_Entry,0,,,46,36,,,,,
Edge,35,ControlDep_Entry,0,,,46,6,,,,,
Edge,36,ControlDep_Entry,0,,,46,7,,,,,
Edge,37,ControlDep_Entry,0,,,46,37,,,,,
Edge,38,ControlDep_Entry,0,,,46,38,,,,,
Edge,39,ControlDep_Entry,0,,,46,39,,,,,
Edge,40,ControlDep_Entry,0,,,46,8,,,,,
Edge,41,ControlDep_Entry,0,,,46,13,,,,,
Edge,42,ControlDep_Entry,0,,,46,34,,,,,
Edge,43,ControlDep_Entry,0,,,47,40,,,,,
Edge,44,ControlDep_Entry,0,,,47,41,,,,,
Edge,45,ControlDep_Entry,0,,,47,9,,,,,
Edge,46,ControlDep_Entry,0,,,47,42,,,,,
Edge,47,ControlDep_Entry,0,,,47,10,,,,,
Edge,48,ControlDep_Entry,0,,,47,14,,,,,
Edge,49,DataDepEdge_DefUse,0,,,43,42,,,,,
Edge,50,DataDepEdge_DefUse,0,,,43,9,,,,,
Edge,51,DataDepEdge_DefUse,0,,,15,19,,,,,
Edge,52,DataDepEdge_DefUse,0,,,15,17,,,,,
Edge,53,DataDepEdge_DefUse,0,,,15,16,,,,,
Edge,54,DataDepEdge_DefUse,0,,,17,18,,,,,
Edge,55,DataDepEdge_DefUse,0,,,18,19,,,,,
Edge,56,DataDepEdge_DefUse,0,,,20,24,,,,,
Edge,57,DataDepEdge_DefUse,0,,,20,23,,,,,
Edge,58,DataDepEdge_DefUse,0,,,21,26,,,,,
Edge,59,DataDepEdge_DefUse,0,,,21,25,,,,,
Edge,60,DataDepEdge_DefUse,0,,,22,31,,,,,
Edge,61,DataDepEdge_DefUse,0,,,22,29,,,,,
Edge,62,DataDepEdge_DefUse,0,,,22,27,,,,,
Edge,63,DataDepEdge_DefUse,0,,,24,25,,,,,
Edge,64,DataDepEdge_DefUse,0,,,26,28,,,,,
Edge,65,DataDepEdge_DefUse,0,,,27,28,,,,,
Edge,66,DataDepEdge_DefUse,0,,,29,30,,,,,
Edge,67,DataDepEdge_DefUse,0,,,31,32,,,,,
Edge,68,DataDepEdge_DefUse,0,,,32,33,,,,,
Edge,69,DataDepEdge_DefUse,0,,,33,5,,,,,
Edge,70,DataDepEdge_DefUse,0,,,34,37,,,,,
Edge,71,DataDepEdge_DefUse,0,,,34,36,,,,,
Edge,72,DataDepEdge_DefUse,0,,,35,39,,,,,
Edge,73,DataDepEdge_DefUse,0,,,35,38,,,,,
Edge,74,DataDepEdge_DefUse,0,,,37,38,,,,,
Edge,75,DataDepEdge_DefUse,0,,,39,8,,,,,
Edge,76,DataDepEdge_DefUse,0,,,40,41,,,,,
Edge,77,DataDepEdge_DefUse,0,,,42,10,,,,,
Edge,78,DataDepEdge_RAW,0,,,16,17,,,,,
Edge,79,DataDepEdge_RAW,0,,,23,24,,,,,
Edge,80,DataDepEdge_RAW,0,,,25,26,,,,,
Edge,81,DataDepEdge_RAW,0,,,28,32,,,,,
Edge,82,DataDepEdge_RAW,0,,,36,37,,,,,
Edge,83,DataDepEdge_RAW,0,,,38,39,,,,,
Edge,84,DataDepEdge_Ret,0,,,11,5,,,,,
Edge,85,DataDepEdge_Ret,0,,,12,8,,,,,
Edge,86,DataDepEdge_Ret,0,,,13,9,,,,,
Edge,87,DataDepEdge_Alias,0,,,26,24,,,,,
Edge,88,DataDepEdge_Alias,0,,,39,37,,,,,
Edge,89,Parameter_In,0,,,43,61,,,,,
Edge,90,Parameter_In,0,,,48,17,,,,,
Edge,91,Parameter_In,0,,,44,48,,,,,
Edge,92,Parameter_In,0,,,45,49,,,,,
Edge,93,Parameter_In,0,,,33,58,,,,,
Edge,94,Parameter_In,0,,,5,58,,,,,
Edge,95,Parameter_In,0,,,49,24,,,,,
Edge,96,Parameter_In,0,,,46,51,,,,,
Edge,97,Parameter_In,0,,,39,59,,,,,
Edge,98,Parameter_In,0,,,8,59,,,,,
Edge,99,Parameter_In,0,,,51,37,,,,,
Edge,100,Parameter_In,0,,,9,61,,,,,
Edge,101,Parameter_In,0,,,58,48,,,,,
Edge,102,Parameter_In,0,,,59,49,,,,,
Edge,103,Parameter_In,0,,,60,50,,,,,
Edge,104,Parameter_In,0,,,61,51,,,,,
Edge,105,Parameter_In,0,,,62,52,,,,,
Edge,106,Parameter_Out,0,,,44,53,,,,,
Edge,107,Parameter_Out,0,,,45,54,,,,,
Edge,108,Parameter_Out,0,,,5,63,,,,,
Edge,109,Parameter_Out,0,,,46,56,,,,,
Edge,110,Parameter_Out,0,,,8,64,,,,,
Edge,111,Parameter_Out,0,,,9,66,,,,,
Edge,112,Parameter_Out,0,,,63,33,,,,,
Edge,113,Parameter_Out,0,,,64,39,,,,,
Edge,114,Parameter_Out,0,,,66,43,,,,,
Edge,115,Parameter_Out,0,,,67,42,,,,,
Edge,116,Parameter_Field,0,,,49,50,,,,,
Edge,117,Parameter_Field,0,,,54,55,,,,,
Edge,118,Parameter_Field,0,,,51,52,,,,,
Edge,119,Parameter_Field,0,,,56,57,,,,,
Edge,120,Parameter_Field,0,,,59,60,,,,,
Edge,121,Parameter_Field,0,,,64,65,,,,,
Edge,122,Parameter_Field,0,,,61,62,,,,,
Edge,123,Parameter_Field,0,,,66,67,,,,,
Edge,124,Anno_Global,0,,,43,68,,,,,
Edge,125,Anno_Global,0,,,44,68,,,,,
Edge,126,Anno_Global,0,,,45,68,,,,,
Edge,127,DataDepEdge_PointsTo,0,,,43,43,,,,,
Edge,128,DataDepEdge_PointsTo,0,,,44,44,,,,,
Edge,129,DataDepEdge_PointsTo,0,,,65,65,,,,,
Edge,130,DataDepEdge_PointsTo,0,,,15,15,,,,,
Edge,131,DataDepEdge_PointsTo,0,,,64,43,,,,,
Edge,132,DataDepEdge_PointsTo,0,,,20,20,,,,,
Edge,133,DataDepEdge_PointsTo,0,,,21,21,,,,,
Edge,134,DataDepEdge_PointsTo,0,,,22,22,,,,,
Edge,135,DataDepEdge_PointsTo,0,,,24,43,,,,,
Edge,136,DataDepEdge_PointsTo,0,,,26,43,,,,,
Edge,137,DataDepEdge_PointsTo,0,,,27,22,,,,,
Edge,138,DataDepEdge_PointsTo,0,,,29,22,,,,,
Edge,139,DataDepEdge_PointsTo,0,,,31,22,,,,,
Edge,140,DataDepEdge_PointsTo,0,,,32,43,,,,,
Edge,141,DataDepEdge_PointsTo,0,,,67,67,,,,,
Edge,142,DataDepEdge_PointsTo,0,,,66,43,,,,,
Edge,143,DataDepEdge_PointsTo,0,,,34,34,,,,,
Edge,144,DataDepEdge_PointsTo,0,,,35,35,,,,,
Edge,145,DataDepEdge_PointsTo,0,,,37,43,,,,,
Edge,146,DataDepEdge_PointsTo,0,,,39,43,,,,,
Edge,147,DataDepEdge_PointsTo,0,,,47,47,,,,,
Edge,148,DataDepEdge_PointsTo,0,,,40,40,,,,,
