Node,1,Inst_FunCall,,'  call void @llvm.dbg.declare(metadata i32** %2, metadata !20, metadata !DIExpression()), !dbg !21',45,,,/home/mlevatich/m/build/capo/C/tmp/control-infeasible.c,75,15,2,-1
Node,2,Inst_FunCall,,'  call void @llvm.dbg.declare(metadata i32** %2, metadata !29, metadata !DIExpression()), !dbg !30',46,,,/home/mlevatich/m/build/capo/C/tmp/control-infeasible.c,82,15,4,-1
Node,3,Inst_FunCall,,'  call void @llvm.dbg.declare(metadata i32** %3, metadata !31, metadata !DIExpression()), !dbg !32',46,,,/home/mlevatich/m/build/capo/C/tmp/control-infeasible.c,84,8,5,-1
Node,4,Inst_FunCall,,'  call void @llvm.dbg.declare(metadata %struct.S* %4, metadata !34, metadata !DIExpression()), !dbg !40',46,,,/home/mlevatich/m/build/capo/C/tmp/control-infeasible.c,85,5,8,-1
Node,5,Inst_FunCall,,'  call void @baz(i32* noundef %10), !dbg !38',46,,,/home/mlevatich/m/build/capo/C/tmp/control-infeasible.c,88,3,16,-1
Node,6,Inst_FunCall,,'  call void @llvm.dbg.declare(metadata i32** %2, metadata !50, metadata !DIExpression()), !dbg !51',47,,,/home/mlevatich/m/build/capo/C/tmp/control-infeasible.c,91,15,3,-1
Node,7,Inst_FunCall,,'  call void @llvm.dbg.declare(metadata i32** %3, metadata !52, metadata !DIExpression()), !dbg !53',47,,,/home/mlevatich/m/build/capo/C/tmp/control-infeasible.c,92,8,4,-1
Node,8,Inst_FunCall,,'  call void @bar(i32* noundef %5), !dbg !26',47,,,/home/mlevatich/m/build/capo/C/tmp/control-infeasible.c,93,3,8,-1
Node,9,Inst_FunCall,,'  call void @foo(i32* noundef @glob), !dbg !19',48,,,/home/mlevatich/m/build/capo/C/tmp/control-infeasible.c,97,3,2,-1
Node,10,Inst_FunCall,,'  %3 = call i32 (i8*, ...) @printf(i8* noundef getelementptr inbounds ([11 x i8], [11 x i8]* @.str.4, i64 0, i64 0), i32 noundef %2), !dbg !21',48,,,/home/mlevatich/m/build/capo/C/tmp/control-infeasible.c,98,3,4,-1
Node,11,Inst_Ret,,'  ret void, !dbg !27',45,,,/home/mlevatich/m/build/capo/C/tmp/control-infeasible.c,78,1,8,-1
Node,12,Inst_Ret,,'  ret void, !dbg !39',46,,,/home/mlevatich/m/build/capo/C/tmp/control-infeasible.c,89,1,17,-1
Node,13,Inst_Ret,,'  ret void, !dbg !27',47,,,/home/mlevatich/m/build/capo/C/tmp/control-infeasible.c,94,1,9,-1
Node,14,Inst_Ret,,'  ret i32 0, !dbg !22',48,,,/home/mlevatich/m/build/capo/C/tmp/control-infeasible.c,99,3,5,-1
Node,15,Inst_Other,,'  %2 = alloca i32*, align 8',45,,,,-1,-1,0,-1
Node,16,Inst_Other,,'  store i32* %0, i32** %2, align 8',45,,,,-1,-1,1,-1
Node,17,Inst_Other,,'  %3 = load i32*, i32** %2, align 8, !dbg !22',45,,,/home/mlevatich/m/build/capo/C/tmp/control-infeasible.c,77,9,3,-1
Node,18,Inst_Other,,'  %4 = load i32, i32* %3, align 4, !dbg !23',45,,,/home/mlevatich/m/build/capo/C/tmp/control-infeasible.c,77,8,4,-1
Node,19,Inst_Other,,'  %5 = add nsw i32 %4, 1, !dbg !24',45,,,/home/mlevatich/m/build/capo/C/tmp/control-infeasible.c,77,11,5,-1
Node,20,Inst_Other,,'  %6 = load i32*, i32** %2, align 8, !dbg !25',45,,,/home/mlevatich/m/build/capo/C/tmp/control-infeasible.c,77,4,6,-1
Node,21,Inst_Other,,'  store i32 %5, i32* %6, align 4, !dbg !26',45,,,/home/mlevatich/m/build/capo/C/tmp/control-infeasible.c,77,6,7,-1
Node,22,Inst_Other,,'  %2 = alloca i32*, align 8',46,,,,-1,-1,0,-1
Node,23,Inst_Other,,'  %3 = alloca i32*, align 8',46,,,,-1,-1,1,-1
Node,24,Inst_Other,,'  %4 = alloca %struct.S, align 8',46,,,,-1,-1,2,-1
Node,25,Inst_Other,,'  store i32* %0, i32** %2, align 8',46,,,,-1,-1,3,-1
Node,26,Inst_Other,,'  %5 = load i32*, i32** %2, align 8, !dbg !24',46,,,/home/mlevatich/m/build/capo/C/tmp/control-infeasible.c,84,12,6,-1
Node,27,Inst_Other,,'  store i32* %5, i32** %3, align 8, !dbg !23',46,,,/home/mlevatich/m/build/capo/C/tmp/control-infeasible.c,84,8,7,-1
Node,28,Inst_Other,,'  %6 = load i32*, i32** %3, align 8, !dbg !32',46,,,/home/mlevatich/m/build/capo/C/tmp/control-infeasible.c,86,9,9,-1
Node,29,Inst_Other,,'  %7 = getelementptr inbounds %struct.S, %struct.S* %4, i32 0, i32 0, !dbg !33',46,,,/home/mlevatich/m/build/capo/C/tmp/control-infeasible.c,86,5,10,-1
Node,30,Inst_Other,,'  store i32* %6, i32** %7, align 8, !dbg !34',46,,,/home/mlevatich/m/build/capo/C/tmp/control-infeasible.c,86,7,11,-1
Node,31,Inst_Other,,'  %8 = getelementptr inbounds %struct.S, %struct.S* %4, i32 0, i32 1, !dbg !35',46,,,/home/mlevatich/m/build/capo/C/tmp/control-infeasible.c,87,5,12,-1
Node,32,Inst_Other,,'  store i32 3, i32* %8, align 8, !dbg !36',46,,,/home/mlevatich/m/build/capo/C/tmp/control-infeasible.c,87,7,13,-1
Node,33,Inst_Other,,'  %9 = getelementptr inbounds %struct.S, %struct.S* %4, i32 0, i32 0, !dbg !37',46,,,/home/mlevatich/m/build/capo/C/tmp/control-infeasible.c,88,9,14,-1
Node,34,Inst_Other,,'  %10 = load i32*, i32** %9, align 8, !dbg !37',46,,,/home/mlevatich/m/build/capo/C/tmp/control-infeasible.c,88,9,15,-1
Node,35,Inst_Other,,'  %2 = alloca i32*, align 8',47,,,,-1,-1,0,-1
Node,36,Inst_Other,,'  %3 = alloca i32*, align 8',47,,,,-1,-1,1,-1
Node,37,Inst_Other,,'  store i32* %0, i32** %2, align 8',47,,,,-1,-1,2,-1
Node,38,Inst_Other,,'  %4 = load i32*, i32** %2, align 8, !dbg !24',47,,,/home/mlevatich/m/build/capo/C/tmp/control-infeasible.c,92,12,5,-1
Node,39,Inst_Other,,'  store i32* %4, i32** %3, align 8, !dbg !23',47,,,/home/mlevatich/m/build/capo/C/tmp/control-infeasible.c,92,8,6,-1
Node,40,Inst_Other,,'  %5 = load i32*, i32** %3, align 8, !dbg !25',47,,,/home/mlevatich/m/build/capo/C/tmp/control-infeasible.c,93,7,7,-1
Node,41,Inst_Other,,'  %1 = alloca i32, align 4',48,,,,-1,-1,0,-1
Node,42,Inst_Other,,'  store i32 0, i32* %1, align 4',48,,,,-1,-1,1,-1
Node,43,Inst_Other,,'  %2 = load i32, i32* @glob, align 4, !dbg !20',48,,,/home/mlevatich/m/build/capo/C/tmp/control-infeasible.c,98,25,3,-1
Node,44,VarNode_StaticGlobal,ORANGE_SHAREABLE,'@glob = dso_local global i32 5, align 4, !dbg !0',0,,,/home/mlevatich/m/build/capo/C/tmp/control-infeasible.c,70,-1,-1,-1
Node,45,FunctionEntry,PURPLE_XD,'; Function Attrs: noinline nounwind optnone uwtable
define dso_local void @baz(i32* noundef %0) #0 !dbg !15 {
  %2 = alloca i32*, align 8
  store i32* %0, i32** %2, align 8
  call void @llvm.dbg.declare(metadata i32** %2, metadata !20, metadata !DIExpression()), !dbg !21
  %3 = load i32*, i32** %2, align 8, !dbg !22
  %4 = load i32, i32* %3, align 4, !dbg !23
  %5 = add nsw i32 %4, 1, !dbg !24
  %6 = load i32*, i32** %2, align 8, !dbg !25
  store i32 %5, i32* %6, align 4, !dbg !26
  ret void, !dbg !27
}
',45,,,/home/mlevatich/m/build/capo/C/tmp/control-infeasible.c,75,-1,-1,-1
Node,46,FunctionEntry,ORANGE_XD,'; Function Attrs: noinline nounwind optnone uwtable
define dso_local void @bar(i32* noundef %0) #0 !dbg !28 {
  %2 = alloca i32*, align 8
  %3 = alloca i32*, align 8
  %4 = alloca %struct.S, align 8
  store i32* %0, i32** %2, align 8
  call void @llvm.dbg.declare(metadata i32** %2, metadata !29, metadata !DIExpression()), !dbg !30
  call void @llvm.dbg.declare(metadata i32** %3, metadata !31, metadata !DIExpression()), !dbg !32
  %5 = load i32*, i32** %2, align 8, !dbg !33
  store i32* %5, i32** %3, align 8, !dbg !32
  call void @llvm.dbg.declare(metadata %struct.S* %4, metadata !34, metadata !DIExpression()), !dbg !40
  %6 = load i32*, i32** %3, align 8, !dbg !41
  %7 = getelementptr inbounds %struct.S, %struct.S* %4, i32 0, i32 0, !dbg !42
  store i32* %6, i32** %7, align 8, !dbg !43
  %8 = getelementptr inbounds %struct.S, %struct.S* %4, i32 0, i32 1, !dbg !44
  store i32 3, i32* %8, align 8, !dbg !45
  %9 = getelementptr inbounds %struct.S, %struct.S* %4, i32 0, i32 0, !dbg !46
  %10 = load i32*, i32** %9, align 8, !dbg !46
  call void @baz(i32* noundef %10), !dbg !47
  ret void, !dbg !48
}
',46,,,/home/mlevatich/m/build/capo/C/tmp/control-infeasible.c,82,-1,-1,-1
Node,47,FunctionEntry,,'; Function Attrs: noinline nounwind optnone uwtable
define dso_local void @foo(i32* noundef %0) #0 !dbg !49 {
  %2 = alloca i32*, align 8
  %3 = alloca i32*, align 8
  store i32* %0, i32** %2, align 8
  call void @llvm.dbg.declare(metadata i32** %2, metadata !50, metadata !DIExpression()), !dbg !51
  call void @llvm.dbg.declare(metadata i32** %3, metadata !52, metadata !DIExpression()), !dbg !53
  %4 = load i32*, i32** %2, align 8, !dbg !54
  store i32* %4, i32** %3, align 8, !dbg !53
  %5 = load i32*, i32** %3, align 8, !dbg !55
  call void @bar(i32* noundef %5), !dbg !56
  ret void, !dbg !57
}
',47,,,/home/mlevatich/m/build/capo/C/tmp/control-infeasible.c,91,-1,-1,-1
Node,48,FunctionEntry,,'; Function Attrs: noinline nounwind optnone uwtable
define dso_local i32 @main() #0 !dbg !58 {
  %1 = alloca i32, align 4
  store i32 0, i32* %1, align 4
  call void @foo(i32* noundef @glob), !dbg !61
  %2 = load i32, i32* @glob, align 4, !dbg !62
  %3 = call i32 (i8*, ...) @printf(i8* noundef getelementptr inbounds ([11 x i8], [11 x i8]* @.str.4, i64 0, i64 0), i32 noundef %2), !dbg !63
  ret i32 0, !dbg !64
}
',48,,,/home/mlevatich/m/build/capo/C/tmp/control-infeasible.c,96,-1,-1,-1
Node,49,Param_FormalIn,,'No Value',45,,,Not Found,-1,-1,-1,-1
Node,50,Param_FormalIn,,'No Value',45,,,Not Found,-1,-1,-1,0
Node,51,Param_FormalIn,,'No Value',46,,,Not Found,-1,-1,-1,0
Node,52,Param_FormalIn,,'No Value',46,,,Not Found,-1,-1,-1,-1
Node,53,Param_FormalIn,,'No Value',47,,,Not Found,-1,-1,-1,0
Node,54,Param_FormalIn,,'No Value',47,,,Not Found,-1,-1,-1,-1
Node,55,Param_FormalOut,,'No Value',45,,,Not Found,-1,-1,-1,0
Node,56,Param_FormalOut,,'No Value',45,,,Not Found,-1,-1,-1,-1
Node,57,Param_FormalOut,,'No Value',46,,,Not Found,-1,-1,-1,0
Node,58,Param_FormalOut,,'No Value',46,,,Not Found,-1,-1,-1,-1
Node,59,Param_FormalOut,,'No Value',47,,,Not Found,-1,-1,-1,0
Node,60,Param_FormalOut,,'No Value',47,,,Not Found,-1,-1,-1,-1
Node,61,Param_ActualIn,,'No Value',45,,,Not Found,-1,-1,-1,0
Node,62,Param_ActualIn,,'No Value',45,,,Not Found,-1,-1,-1,-1
Node,63,Param_ActualIn,,'No Value',46,,,Not Found,-1,-1,-1,0
Node,64,Param_ActualIn,,'No Value',46,,,Not Found,-1,-1,-1,-1
Node,65,Param_ActualIn,,'No Value',47,,,Not Found,-1,-1,-1,0
Node,66,Param_ActualIn,,'No Value',47,,,Not Found,-1,-1,-1,-1
Node,67,Param_ActualOut,,'No Value',45,,,Not Found,-1,-1,-1,0
Node,68,Param_ActualOut,,'No Value',45,,,Not Found,-1,-1,-1,-1
Node,69,Param_ActualOut,,'No Value',46,,,Not Found,-1,-1,-1,0
Node,70,Param_ActualOut,,'No Value',46,,,Not Found,-1,-1,-1,-1
Node,71,Param_ActualOut,,'No Value',47,,,Not Found,-1,-1,-1,0
Node,72,Param_ActualOut,,'No Value',47,,,Not Found,-1,-1,-1,-1
Node,73,Annotation_Global,,'@llvm.global.annotations = appending global [3 x { i8*, i8*, i8*, i32, i8* }] [{ i8*, i8*, i8*, i32, i8* } { i8* bitcast (i32* @glob to i8*), i8* getelementptr inbounds ([17 x i8], [17 x i8]* @.str, i32 0, i32 0), i8* getelementptr inbounds ([56 x i8], [56 x i8]* @.str.1, i32 0, i32 0), i32 70, i8* null }, { i8*, i8*, i8*, i32, i8* } { i8* bitcast (void (i32*)* @baz to i8*), i8* getelementptr inbounds ([10 x i8], [10 x i8]* @.str.2, i32 0, i32 0), i8* getelementptr inbounds ([56 x i8], [56 x i8]* @.str.1, i32 0, i32 0), i32 75, i8* null }, { i8*, i8*, i8*, i32, i8* } { i8* bitcast (void (i32*)* @bar to i8*), i8* getelementptr inbounds ([10 x i8], [10 x i8]* @.str.3, i32 0, i32 0), i8* getelementptr inbounds ([56 x i8], [56 x i8]* @.str.1, i32 0, i32 0), i32 82, i8* null }], section "llvm.metadata"',0,,,Not Found,-1,-1,-1,-1
Edge,1,ControlDep_CallInv,0,,,5,45,,,,,
Edge,2,ControlDep_CallInv,0,,,8,46,,,,,
Edge,3,ControlDep_CallInv,0,,,9,47,,,,,
Edge,4,ControlDep_CallRet,0,,,11,5,,,,,
Edge,5,ControlDep_CallRet,0,,,12,8,,,,,
Edge,6,ControlDep_CallRet,0,,,13,9,,,,,
Edge,7,ControlDep_Entry,0,,,45,16,,,,,
Edge,8,ControlDep_Entry,0,,,45,1,,,,,
Edge,9,ControlDep_Entry,0,,,45,17,,,,,
Edge,10,ControlDep_Entry,0,,,45,18,,,,,
Edge,11,ControlDep_Entry,0,,,45,19,,,,,
Edge,12,ControlDep_Entry,0,,,45,20,,,,,
Edge,13,ControlDep_Entry,0,,,45,21,,,,,
Edge,14,ControlDep_Entry,0,,,45,11,,,,,
Edge,15,ControlDep_Entry,0,,,45,15,,,,,
Edge,16,ControlDep_Entry,0,,,46,22,,,,,
Edge,17,ControlDep_Entry,0,,,46,23,,,,,
Edge,18,ControlDep_Entry,0,,,46,24,,,,,
Edge,19,ControlDep_Entry,0,,,46,25,,,,,
Edge,20,ControlDep_Entry,0,,,46,2,,,,,
Edge,21,ControlDep_Entry,0,,,46,3,,,,,
Edge,22,ControlDep_Entry,0,,,46,26,,,,,
Edge,23,ControlDep_Entry,0,,,46,27,,,,,
Edge,24,ControlDep_Entry,0,,,46,4,,,,,
Edge,25,ControlDep_Entry,0,,,46,28,,,,,
Edge,26,ControlDep_Entry,0,,,46,29,,,,,
Edge,27,ControlDep_Entry,0,,,46,30,,,,,
Edge,28,ControlDep_Entry,0,,,46,31,,,,,
Edge,29,ControlDep_Entry,0,,,46,32,,,,,
Edge,30,ControlDep_Entry,0,,,46,33,,,,,
Edge,31,ControlDep_Entry,0,,,46,34,,,,,
Edge,32,ControlDep_Entry,0,,,46,5,,,,,
Edge,33,ControlDep_Entry,0,,,46,12,,,,,
Edge,34,ControlDep_Entry,0,,,47,36,,,,,
Edge,35,ControlDep_Entry,0,,,47,37,,,,,
Edge,36,ControlDep_Entry,0,,,47,6,,,,,
Edge,37,ControlDep_Entry,0,,,47,7,,,,,
Edge,38,ControlDep_Entry,0,,,47,38,,,,,
Edge,39,ControlDep_Entry,0,,,47,39,,,,,
Edge,40,ControlDep_Entry,0,,,47,40,,,,,
Edge,41,ControlDep_Entry,0,,,47,8,,,,,
Edge,42,ControlDep_Entry,0,,,47,13,,,,,
Edge,43,ControlDep_Entry,0,,,47,35,,,,,
Edge,44,ControlDep_Entry,0,,,48,41,,,,,
Edge,45,ControlDep_Entry,0,,,48,42,,,,,
Edge,46,ControlDep_Entry,0,,,48,9,,,,,
Edge,47,ControlDep_Entry,0,,,48,43,,,,,
Edge,48,ControlDep_Entry,0,,,48,10,,,,,
Edge,49,ControlDep_Entry,0,,,48,14,,,,,
Edge,50,DataDepEdge_DefUse,0,,,44,43,,,,,
Edge,51,DataDepEdge_DefUse,0,,,44,9,,,,,
Edge,52,DataDepEdge_DefUse,0,,,15,20,,,,,
Edge,53,DataDepEdge_DefUse,0,,,15,17,,,,,
Edge,54,DataDepEdge_DefUse,0,,,15,16,,,,,
Edge,55,DataDepEdge_DefUse,0,,,17,18,,,,,
Edge,56,DataDepEdge_DefUse,0,,,18,19,,,,,
Edge,57,DataDepEdge_DefUse,0,,,19,21,,,,,
Edge,58,DataDepEdge_DefUse,0,,,20,21,,,,,
Edge,59,DataDepEdge_DefUse,0,,,22,26,,,,,
Edge,60,DataDepEdge_DefUse,0,,,22,25,,,,,
Edge,61,DataDepEdge_DefUse,0,,,23,28,,,,,
Edge,62,DataDepEdge_DefUse,0,,,23,27,,,,,
Edge,63,DataDepEdge_DefUse,0,,,24,33,,,,,
Edge,64,DataDepEdge_DefUse,0,,,24,31,,,,,
Edge,65,DataDepEdge_DefUse,0,,,24,29,,,,,
Edge,66,DataDepEdge_DefUse,0,,,26,27,,,,,
Edge,67,DataDepEdge_DefUse,0,,,28,30,,,,,
Edge,68,DataDepEdge_DefUse,0,,,29,30,,,,,
Edge,69,DataDepEdge_DefUse,0,,,31,32,,,,,
Edge,70,DataDepEdge_DefUse,0,,,33,34,,,,,
Edge,71,DataDepEdge_DefUse,0,,,34,5,,,,,
Edge,72,DataDepEdge_DefUse,0,,,35,38,,,,,
Edge,73,DataDepEdge_DefUse,0,,,35,37,,,,,
Edge,74,DataDepEdge_DefUse,0,,,36,40,,,,,
Edge,75,DataDepEdge_DefUse,0,,,36,39,,,,,
Edge,76,DataDepEdge_DefUse,0,,,38,39,,,,,
Edge,77,DataDepEdge_DefUse,0,,,40,8,,,,,
Edge,78,DataDepEdge_DefUse,0,,,41,42,,,,,
Edge,79,DataDepEdge_DefUse,0,,,43,10,,,,,
Edge,80,DataDepEdge_RAW,0,,,16,17,,,,,
Edge,81,DataDepEdge_RAW,0,,,25,26,,,,,
Edge,82,DataDepEdge_RAW,0,,,27,28,,,,,
Edge,83,DataDepEdge_RAW,0,,,30,34,,,,,
Edge,84,DataDepEdge_RAW,0,,,37,38,,,,,
Edge,85,DataDepEdge_RAW,0,,,39,40,,,,,
Edge,86,DataDepEdge_Ret,0,,,11,5,,,,,
Edge,87,DataDepEdge_Ret,0,,,12,8,,,,,
Edge,88,DataDepEdge_Ret,0,,,13,9,,,,,
Edge,89,DataDepEdge_Alias,0,,,28,26,,,,,
Edge,90,DataDepEdge_Alias,0,,,40,38,,,,,
Edge,91,Parameter_In,0,,,49,18,,,,,
Edge,92,Parameter_In,0,,,50,20,,,,,
Edge,93,Parameter_In,0,,,50,17,,,,,
Edge,94,Parameter_In,0,,,44,65,,,,,
Edge,95,Parameter_In,0,,,45,50,,,,,
Edge,96,Parameter_In,0,,,46,51,,,,,
Edge,97,Parameter_In,0,,,34,61,,,,,
Edge,98,Parameter_In,0,,,5,61,,,,,
Edge,99,Parameter_In,0,,,51,26,,,,,
Edge,100,Parameter_In,0,,,47,53,,,,,
Edge,101,Parameter_In,0,,,40,63,,,,,
Edge,102,Parameter_In,0,,,8,63,,,,,
Edge,103,Parameter_In,0,,,53,38,,,,,
Edge,104,Parameter_In,0,,,9,65,,,,,
Edge,105,Parameter_In,0,,,61,50,,,,,
Edge,106,Parameter_In,0,,,62,49,,,,,
Edge,107,Parameter_In,0,,,63,51,,,,,
Edge,108,Parameter_In,0,,,64,52,,,,,
Edge,109,Parameter_In,0,,,65,53,,,,,
Edge,110,Parameter_In,0,,,66,54,,,,,
Edge,111,Parameter_Out,0,,,45,55,,,,,
Edge,112,Parameter_Out,0,,,20,55,,,,,
Edge,113,Parameter_Out,0,,,55,67,,,,,
Edge,114,Parameter_Out,0,,,46,57,,,,,
Edge,115,Parameter_Out,0,,,5,67,,,,,
Edge,116,Parameter_Out,0,,,47,59,,,,,
Edge,117,Parameter_Out,0,,,8,69,,,,,
Edge,118,Parameter_Out,0,,,9,71,,,,,
Edge,119,Parameter_Out,0,,,67,34,,,,,
Edge,120,Parameter_Out,0,,,69,40,,,,,
Edge,121,Parameter_Out,0,,,71,44,,,,,
Edge,122,Parameter_Out,0,,,72,43,,,,,
Edge,123,Parameter_Field,0,,,50,49,,,,,
Edge,124,Parameter_Field,0,,,55,56,,,,,
Edge,125,Parameter_Field,0,,,51,52,,,,,
Edge,126,Parameter_Field,0,,,57,58,,,,,
Edge,127,Parameter_Field,0,,,53,54,,,,,
Edge,128,Parameter_Field,0,,,59,60,,,,,
Edge,129,Parameter_Field,0,,,61,62,,,,,
Edge,130,Parameter_Field,0,,,67,68,,,,,
Edge,131,Parameter_Field,0,,,63,64,,,,,
Edge,132,Parameter_Field,0,,,69,70,,,,,
Edge,133,Parameter_Field,0,,,65,66,,,,,
Edge,134,Parameter_Field,0,,,71,72,,,,,
Edge,135,Anno_Global,0,,,44,73,,,,,
Edge,136,Anno_Global,0,,,45,73,,,,,
Edge,137,Anno_Global,0,,,46,73,,,,,
