Node, 1, Inst_FunCall, 63, "  %10 = call double @get_a(), !dbg !42", 77, na, na, /home/rbrotzman/conflict_analyzer/./tests/2021-08-18-13-40-21/example-1/example-1.mod.c, 63, -1
Node, 2, Inst_FunCall, 65, "  %11 = call double @get_b(), !dbg !45", 77, na, na, /home/rbrotzman/conflict_analyzer/./tests/2021-08-18-13-40-21/example-1/example-1.mod.c, 64, -1
Node, 3, Inst_FunCall, 69, "  %14 = call double @calc_ewma(double %12, double %13), !dbg !49", 77, na, na, /home/rbrotzman/conflict_analyzer/./tests/2021-08-18-13-40-21/example-1/example-1.mod.c, 65, -1
Node, 4, Inst_FunCall, 72, "  %16 = call i32 (i8*, ...) @printf(i8* getelementptr inbounds ([4 x i8], [4 x i8]* @.str.4, i64 0, i64 0), double %15), !dbg !52", 77, na, na, /home/rbrotzman/conflict_analyzer/./tests/2021-08-18-13-40-21/example-1/example-1.mod.c, 66, -1
Node, 5, Inst_FunCall, 90, "  %6 = call i32 @ewma_main(), !dbg !34", 78, na, na, /home/rbrotzman/conflict_analyzer/./tests/2021-08-18-13-40-21/example-1/example-1.mod.c, 72, -1
Node, 6, Inst_FunCall, 9, "  call void @llvm.dbg.declare(metadata double* %3, metadata !23, metadata !DIExpression()), !dbg !24", 74, na, na, /home/rbrotzman/conflict_analyzer/./tests/2021-08-18-13-40-21/example-1/example-1.mod.c, 23, -1
Node, 7, Inst_FunCall, 11, "  call void @llvm.dbg.declare(metadata double* %4, metadata !25, metadata !DIExpression()), !dbg !26", 74, na, na, /home/rbrotzman/conflict_analyzer/./tests/2021-08-18-13-40-21/example-1/example-1.mod.c, 23, -1
Node, 8, Inst_FunCall, 12, "  call void @llvm.dbg.declare(metadata double* %5, metadata !27, metadata !DIExpression()), !dbg !29", 74, na, na, /home/rbrotzman/conflict_analyzer/./tests/2021-08-18-13-40-21/example-1/example-1.mod.c, 24, -1
Node, 9, Inst_FunCall, 52, "  call void @llvm.dbg.declare(metadata double* %1, metadata !51, metadata !DIExpression()), !dbg !52", 77, na, na, /home/rbrotzman/conflict_analyzer/./tests/2021-08-18-13-40-21/example-1/example-1.mod.c, 55, -1
Node, 10, Inst_FunCall, 53, "  call void @llvm.dbg.declare(metadata double* %2, metadata !53, metadata !DIExpression()), !dbg !54", 77, na, na, /home/rbrotzman/conflict_analyzer/./tests/2021-08-18-13-40-21/example-1/example-1.mod.c, 56, -1
Node, 11, Inst_FunCall, 54, "  call void @llvm.dbg.declare(metadata double* %3, metadata !55, metadata !DIExpression()), !dbg !56", 77, na, na, /home/rbrotzman/conflict_analyzer/./tests/2021-08-18-13-40-21/example-1/example-1.mod.c, 59, -1
Node, 12, Inst_FunCall, 57, "  call void @llvm.dbg.declare(metadata i32* %4, metadata !58, metadata !DIExpression()), !dbg !60", 77, na, na, /home/rbrotzman/conflict_analyzer/./tests/2021-08-18-13-40-21/example-1/example-1.mod.c, 62, -1
Node, 13, Inst_FunCall, 87, "  call void @llvm.dbg.declare(metadata i32* %4, metadata !89, metadata !DIExpression()), !dbg !90", 78, na, na, /home/rbrotzman/conflict_analyzer/./tests/2021-08-18-13-40-21/example-1/example-1.mod.c, 71, -1
Node, 14, Inst_FunCall, 89, "  call void @llvm.dbg.declare(metadata i8*** %5, metadata !91, metadata !DIExpression()), !dbg !92", 78, na, na, /home/rbrotzman/conflict_analyzer/./tests/2021-08-18-13-40-21/example-1/example-1.mod.c, 71, -1
Node, 15, Inst_Ret, 23, "  ret double %13, !dbg !39", 74, na, na, /home/rbrotzman/conflict_analyzer/./tests/2021-08-18-13-40-21/example-1/example-1.mod.c, 27, -1
Node, 16, Inst_Ret, 35, "  ret double %3, !dbg !25", 75, na, na, /home/rbrotzman/conflict_analyzer/./tests/2021-08-18-13-40-21/example-1/example-1.mod.c, 41, -1
Node, 17, Inst_Ret, 44, "  ret double %4, !dbg !26", 76, na, na, /home/rbrotzman/conflict_analyzer/./tests/2021-08-18-13-40-21/example-1/example-1.mod.c, 51, -1
Node, 18, Inst_Ret, 78, "  ret i32 0, !dbg !58", 77, na, na, /home/rbrotzman/conflict_analyzer/./tests/2021-08-18-13-40-21/example-1/example-1.mod.c, 68, -1
Node, 19, Inst_Ret, 91, "  ret i32 %6, !dbg !35", 78, na, na, /home/rbrotzman/conflict_analyzer/./tests/2021-08-18-13-40-21/example-1/example-1.mod.c, 72, -1
Node, 20, Inst_Br, 59, "  br label %6, !dbg !37", 77, na, na, /home/rbrotzman/conflict_analyzer/./tests/2021-08-18-13-40-21/example-1/example-1.mod.c, 62, -1
Node, 21, Inst_Br, 62, "  br i1 %8, label %9, label %20, !dbg !41", 77, na, na, /home/rbrotzman/conflict_analyzer/./tests/2021-08-18-13-40-21/example-1/example-1.mod.c, 62, -1
Node, 22, Inst_Br, 73, "  br label %17, !dbg !53", 77, na, na, /home/rbrotzman/conflict_analyzer/./tests/2021-08-18-13-40-21/example-1/example-1.mod.c, 67, -1
Node, 23, Inst_Br, 77, "  br label %6, !dbg !55, !llvm.loop !56", 77, na, na, /home/rbrotzman/conflict_analyzer/./tests/2021-08-18-13-40-21/example-1/example-1.mod.c, 62, -1
Node, 24, Inst_Other, 5, "  %3 = alloca double, align 8", 74, na, na, /home/rbrotzman/conflict_analyzer/./tests/2021-08-18-13-40-21/example-1/example-1.mod.c, 0, -1
Node, 25, Inst_Other, 6, "  %4 = alloca double, align 8", 74, na, na, /home/rbrotzman/conflict_analyzer/./tests/2021-08-18-13-40-21/example-1/example-1.mod.c, 5, -1
Node, 26, Inst_Other, 7, "  %5 = alloca double, align 8", 74, na, na, /home/rbrotzman/conflict_analyzer/./tests/2021-08-18-13-40-21/example-1/example-1.mod.c, 20, -1
Node, 27, Inst_Other, 8, "  store double %0, double* %3, align 8", 74, na, na, /home/rbrotzman/conflict_analyzer/./tests/2021-08-18-13-40-21/example-1/example-1.mod.c, 59, -1
Node, 28, Inst_Other, 10, "  store double %1, double* %4, align 8", 74, na, na, /home/rbrotzman/conflict_analyzer/./tests/2021-08-18-13-40-21/example-1/example-1.mod.c, 0, -1
Node, 29, Inst_Other, 13, "  store double 2.500000e-01, double* %5, align 8, !dbg !29", 74, na, na, /home/rbrotzman/conflict_analyzer/./tests/2021-08-18-13-40-21/example-1/example-1.mod.c, 24, -1
Node, 30, Inst_Other, 14, "  %6 = load double, double* %3, align 8, !dbg !30", 74, na, na, /home/rbrotzman/conflict_analyzer/./tests/2021-08-18-13-40-21/example-1/example-1.mod.c, 26, -1
Node, 31, Inst_Other, 15, "  %7 = load double, double* %4, align 8, !dbg !31", 74, na, na, /home/rbrotzman/conflict_analyzer/./tests/2021-08-18-13-40-21/example-1/example-1.mod.c, 26, -1
Node, 32, Inst_Other, 40, "  %2 = load double, double* @get_b.b, align 8, !dbg !24", 76, na, na, /home/rbrotzman/conflict_analyzer/./tests/2021-08-18-13-40-21/example-1/example-1.mod.c, 50, -1
Node, 33, Inst_Other, 16, "  %8 = fadd double %6, %7, !dbg !32", 74, na, na, /home/rbrotzman/conflict_analyzer/./tests/2021-08-18-13-40-21/example-1/example-1.mod.c, 26, -1
Node, 34, Inst_Other, 17, "  %9 = fmul double 2.500000e-01, %8, !dbg !33", 74, na, na, /home/rbrotzman/conflict_analyzer/./tests/2021-08-18-13-40-21/example-1/example-1.mod.c, 26, -1
Node, 35, Inst_Other, 18, "  %10 = load double, double* @calc_ewma.c, align 8, !dbg !34", 74, na, na, /home/rbrotzman/conflict_analyzer/./tests/2021-08-18-13-40-21/example-1/example-1.mod.c, 26, -1
Node, 36, Inst_Other, 19, "  %11 = fmul double 7.500000e-01, %10, !dbg !35", 74, na, na, /home/rbrotzman/conflict_analyzer/./tests/2021-08-18-13-40-21/example-1/example-1.mod.c, 26, -1
Node, 37, Inst_Other, 20, "  %12 = fadd double %9, %11, !dbg !36", 74, na, na, /home/rbrotzman/conflict_analyzer/./tests/2021-08-18-13-40-21/example-1/example-1.mod.c, 26, -1
Node, 38, Inst_Other, 21, "  store double %12, double* @calc_ewma.c, align 8, !dbg !37", 74, na, na, /home/rbrotzman/conflict_analyzer/./tests/2021-08-18-13-40-21/example-1/example-1.mod.c, 26, -1
Node, 39, Inst_Other, 22, "  %13 = load double, double* @calc_ewma.c, align 8, !dbg !38", 74, na, na, /home/rbrotzman/conflict_analyzer/./tests/2021-08-18-13-40-21/example-1/example-1.mod.c, 27, -1
Node, 40, Inst_Other, 31, "  %1 = load double, double* @get_a.a, align 8, !dbg !23", 75, na, na, /home/rbrotzman/conflict_analyzer/./tests/2021-08-18-13-40-21/example-1/example-1.mod.c, 40, -1
Node, 41, Inst_Other, 32, "  %2 = fadd double %1, 1.000000e+00, !dbg !23", 75, na, na, /home/rbrotzman/conflict_analyzer/./tests/2021-08-18-13-40-21/example-1/example-1.mod.c, 40, -1
Node, 42, Inst_Other, 33, "  store double %2, double* @get_a.a, align 8, !dbg !23", 75, na, na, /home/rbrotzman/conflict_analyzer/./tests/2021-08-18-13-40-21/example-1/example-1.mod.c, 40, -1
Node, 43, Inst_Other, 34, "  %3 = load double, double* @get_a.a, align 8, !dbg !24", 75, na, na, /home/rbrotzman/conflict_analyzer/./tests/2021-08-18-13-40-21/example-1/example-1.mod.c, 41, -1
Node, 44, Inst_Other, 39, "  %1 = load double, double* @get_b.b, align 8, !dbg !23", 76, na, na, /home/rbrotzman/conflict_analyzer/./tests/2021-08-18-13-40-21/example-1/example-1.mod.c, 50, -1
Node, 45, Inst_Other, 41, "  %3 = fadd double %2, %1, !dbg !24", 76, na, na, /home/rbrotzman/conflict_analyzer/./tests/2021-08-18-13-40-21/example-1/example-1.mod.c, 50, -1
Node, 46, Inst_Other, 42, "  store double %3, double* @get_b.b, align 8, !dbg !24", 76, na, na, /home/rbrotzman/conflict_analyzer/./tests/2021-08-18-13-40-21/example-1/example-1.mod.c, 50, -1
Node, 47, Inst_Other, 43, "  %4 = load double, double* @get_b.b, align 8, !dbg !25", 76, na, na, /home/rbrotzman/conflict_analyzer/./tests/2021-08-18-13-40-21/example-1/example-1.mod.c, 51, -1
Node, 48, Inst_Other, 48, "  %1 = alloca double, align 8", 77, na, na, /home/rbrotzman/conflict_analyzer/./tests/2021-08-18-13-40-21/example-1/example-1.mod.c, 39, -1
Node, 49, Inst_Other, 49, "  %2 = alloca double, align 8", 77, na, na, /home/rbrotzman/conflict_analyzer/./tests/2021-08-18-13-40-21/example-1/example-1.mod.c, 27, -1
Node, 50, Inst_Other, 50, "  %3 = alloca double, align 8", 77, na, na, /home/rbrotzman/conflict_analyzer/./tests/2021-08-18-13-40-21/example-1/example-1.mod.c, 70, -1
Node, 51, Inst_Other, 51, "  %4 = alloca i32, align 4", 77, na, na, /home/rbrotzman/conflict_analyzer/./tests/2021-08-18-13-40-21/example-1/example-1.mod.c, 0, -1
Node, 52, Inst_Other, 55, "  %5 = bitcast double* %3 to i8*, !dbg !33", 77, na, na, /home/rbrotzman/conflict_analyzer/./tests/2021-08-18-13-40-21/example-1/example-1.mod.c, 59, -1
Node, 53, Inst_Other, 58, "  store i32 0, i32* %4, align 4, !dbg !36", 77, na, na, /home/rbrotzman/conflict_analyzer/./tests/2021-08-18-13-40-21/example-1/example-1.mod.c, 62, -1
Node, 54, Inst_Other, 60, "  %7 = load i32, i32* %4, align 4, !dbg !38", 77, na, na, /home/rbrotzman/conflict_analyzer/./tests/2021-08-18-13-40-21/example-1/example-1.mod.c, 62, -1
Node, 55, Inst_Other, 61, "  %8 = icmp slt i32 %7, 10, !dbg !40", 77, na, na, /home/rbrotzman/conflict_analyzer/./tests/2021-08-18-13-40-21/example-1/example-1.mod.c, 62, -1
Node, 56, Inst_Other, 64, "  store double %10, double* %1, align 8, !dbg !44", 77, na, na, /home/rbrotzman/conflict_analyzer/./tests/2021-08-18-13-40-21/example-1/example-1.mod.c, 63, -1
Node, 57, Inst_Other, 66, "  store double %11, double* %2, align 8, !dbg !46", 77, na, na, /home/rbrotzman/conflict_analyzer/./tests/2021-08-18-13-40-21/example-1/example-1.mod.c, 64, -1
Node, 58, Inst_Other, 67, "  %12 = load double, double* %1, align 8, !dbg !47", 77, na, na, /home/rbrotzman/conflict_analyzer/./tests/2021-08-18-13-40-21/example-1/example-1.mod.c, 65, -1
Node, 59, Inst_Other, 68, "  %13 = load double, double* %2, align 8, !dbg !48", 77, na, na, /home/rbrotzman/conflict_analyzer/./tests/2021-08-18-13-40-21/example-1/example-1.mod.c, 65, -1
Node, 60, Inst_Other, 70, "  store double %14, double* %3, align 8, !dbg !50", 77, na, na, /home/rbrotzman/conflict_analyzer/./tests/2021-08-18-13-40-21/example-1/example-1.mod.c, 65, -1
Node, 61, Inst_Other, 71, "  %15 = load double, double* %3, align 8, !dbg !51", 77, na, na, /home/rbrotzman/conflict_analyzer/./tests/2021-08-18-13-40-21/example-1/example-1.mod.c, 66, -1
Node, 62, Inst_Other, 74, "  %18 = load i32, i32* %4, align 4, !dbg !54", 77, na, na, /home/rbrotzman/conflict_analyzer/./tests/2021-08-18-13-40-21/example-1/example-1.mod.c, 62, -1
Node, 63, Inst_Other, 75, "  %19 = add nsw i32 %18, 1, !dbg !54", 77, na, na, /home/rbrotzman/conflict_analyzer/./tests/2021-08-18-13-40-21/example-1/example-1.mod.c, 62, -1
Node, 64, Inst_Other, 76, "  store i32 %19, i32* %4, align 4, !dbg !54", 77, na, na, /home/rbrotzman/conflict_analyzer/./tests/2021-08-18-13-40-21/example-1/example-1.mod.c, 62, -1
Node, 65, Inst_Other, 82, "  %3 = alloca i32, align 4", 78, na, na, /home/rbrotzman/conflict_analyzer/./tests/2021-08-18-13-40-21/example-1/example-1.mod.c, 0, -1
Node, 66, Inst_Other, 83, "  %4 = alloca i32, align 4", 78, na, na, /home/rbrotzman/conflict_analyzer/./tests/2021-08-18-13-40-21/example-1/example-1.mod.c, 5, -1
Node, 67, Inst_Other, 84, "  %5 = alloca i8**, align 8", 78, na, na, /home/rbrotzman/conflict_analyzer/./tests/2021-08-18-13-40-21/example-1/example-1.mod.c, 20, -1
Node, 68, Inst_Other, 85, "  store i32 0, i32* %3, align 4", 78, na, na, /home/rbrotzman/conflict_analyzer/./tests/2021-08-18-13-40-21/example-1/example-1.mod.c, 59, -1
Node, 69, Inst_Other, 86, "  store i32 %0, i32* %4, align 4", 78, na, na, /home/rbrotzman/conflict_analyzer/./tests/2021-08-18-13-40-21/example-1/example-1.mod.c, 23, -1
Node, 70, Inst_Other, 88, "  store i8** %1, i8*** %5, align 8", 78, na, na, /home/rbrotzman/conflict_analyzer/./tests/2021-08-18-13-40-21/example-1/example-1.mod.c, 0, -1
Node, 71, VarNode_StaticFunction, 1, "@calc_ewma.c = internal global double 0.000000e+00, align 8, !dbg !0", 0, na, na, /home/rbrotzman/conflict_analyzer/./tests/2021-08-18-13-40-21/example-1/example-1.mod.c, 25, -1
Node, 72, VarNode_StaticFunction, 2, "@get_a.a = internal global double 0.000000e+00, align 8, !dbg !11", 0, na, na, /home/rbrotzman/conflict_analyzer/./tests/2021-08-18-13-40-21/example-1/example-1.mod.c, 37, -1
Node, 73, VarNode_StaticFunction, 3, "@get_b.b = internal global double 1.000000e+00, align 8, !dbg !16", 0, na, na, /home/rbrotzman/conflict_analyzer/./tests/2021-08-18-13-40-21/example-1/example-1.mod.c, 47, -1
Node, 74, FunctionEntry, 4, "; Function Attrs: noinline nounwind optnone uwtable
define dso_local double @calc_ewma(double %0, double %1) #0 !dbg !2 {
  %3 = alloca double, align 8
  %4 = alloca double, align 8
  %5 = alloca double, align 8
  store double %0, double* %3, align 8
  call void @llvm.dbg.declare(metadata double* %3, metadata !23, metadata !DIExpression()), !dbg !24
  store double %1, double* %4, align 8
  call void @llvm.dbg.declare(metadata double* %4, metadata !25, metadata !DIExpression()), !dbg !26
  call void @llvm.dbg.declare(metadata double* %5, metadata !27, metadata !DIExpression()), !dbg !29
  store double 2.500000e-01, double* %5, align 8, !dbg !29
  %6 = load double, double* %3, align 8, !dbg !30
  %7 = load double, double* %4, align 8, !dbg !31
  %8 = fadd double %6, %7, !dbg !32
  %9 = fmul double 2.500000e-01, %8, !dbg !33
  %10 = load double, double* @calc_ewma.c, align 8, !dbg !34
  %11 = fmul double 7.500000e-01, %10, !dbg !35
  %12 = fadd double %9, %11, !dbg !36
  store double %12, double* @calc_ewma.c, align 8, !dbg !37
  %13 = load double, double* @calc_ewma.c, align 8, !dbg !38
  ret double %13, !dbg !39
}
", 74, na, na, /home/rbrotzman/conflict_analyzer/./tests/2021-08-18-13-40-21/example-1/example-1.mod.c, 23, -1
Node, 75, FunctionEntry, 30, "; Function Attrs: noinline nounwind optnone uwtable
define dso_local double @get_a() #0 !dbg !13 {
  %1 = load double, double* @get_a.a, align 8, !dbg !40
  %2 = fadd double %1, 1.000000e+00, !dbg !40
  store double %2, double* @get_a.a, align 8, !dbg !40
  %3 = load double, double* @get_a.a, align 8, !dbg !41
  ret double %3, !dbg !42
}
", 75, na, na, /home/rbrotzman/conflict_analyzer/./tests/2021-08-18-13-40-21/example-1/example-1.mod.c, 32, -1
Node, 76, FunctionEntry, 38, "; Function Attrs: noinline nounwind optnone uwtable
define dso_local double @get_b() #0 !dbg !18 {
  %1 = load double, double* @get_b.b, align 8, !dbg !43
  %2 = load double, double* @get_b.b, align 8, !dbg !44
  %3 = fadd double %2, %1, !dbg !44
  store double %3, double* @get_b.b, align 8, !dbg !44
  %4 = load double, double* @get_b.b, align 8, !dbg !45
  ret double %4, !dbg !46
}
", 76, na, na, /home/rbrotzman/conflict_analyzer/./tests/2021-08-18-13-40-21/example-1/example-1.mod.c, 44, -1
Node, 77, FunctionEntry, 47, "; Function Attrs: noinline nounwind optnone uwtable
define dso_local i32 @ewma_main() #0 !dbg !47 {
  %1 = alloca double, align 8
  %2 = alloca double, align 8
  %3 = alloca double, align 8
  %4 = alloca i32, align 4
  call void @llvm.dbg.declare(metadata double* %1, metadata !51, metadata !DIExpression()), !dbg !52
  call void @llvm.dbg.declare(metadata double* %2, metadata !53, metadata !DIExpression()), !dbg !54
  call void @llvm.dbg.declare(metadata double* %3, metadata !55, metadata !DIExpression()), !dbg !56
  %5 = bitcast double* %3 to i8*, !dbg !57
  call void @llvm.var.annotation(i8* %5, i8* getelementptr inbounds ([7 x i8], [7 x i8]* @.str.3, i32 0, i32 0), i8* getelementptr inbounds ([54 x i8], [54 x i8]* @.str.1, i32 0, i32 0), i32 59), !dbg !57
  call void @llvm.dbg.declare(metadata i32* %4, metadata !58, metadata !DIExpression()), !dbg !60
  store i32 0, i32* %4, align 4, !dbg !60
  br label %6, !dbg !61

6:                                                ; preds = %17, %0
  %7 = load i32, i32* %4, align 4, !dbg !62
  %8 = icmp slt i32 %7, 10, !dbg !64
  br i1 %8, label %9, label %20, !dbg !65

9:                                                ; preds = %6
  %10 = call double @get_a(), !dbg !66
  store double %10, double* %1, align 8, !dbg !68
  %11 = call double @get_b(), !dbg !69
  store double %11, double* %2, align 8, !dbg !70
  %12 = load double, double* %1, align 8, !dbg !71
  %13 = load double, double* %2, align 8, !dbg !72
  %14 = call double @calc_ewma(double %12, double %13), !dbg !73
  store double %14, double* %3, align 8, !dbg !74
  %15 = load double, double* %3, align 8, !dbg !75
  %16 = call i32 (i8*, ...) @printf(i8* getelementptr inbounds ([4 x i8], [4 x i8]* @.str.4, i64 0, i64 0), double %15), !dbg !76
  br label %17, !dbg !77

17:                                               ; preds = %9
  %18 = load i32, i32* %4, align 4, !dbg !78
  %19 = add nsw i32 %18, 1, !dbg !78
  store i32 %19, i32* %4, align 4, !dbg !78
  br label %6, !dbg !79, !llvm.loop !80

20:                                               ; preds = %6
  ret i32 0, !dbg !82
}
", 77, na, na, /home/rbrotzman/conflict_analyzer/./tests/2021-08-18-13-40-21/example-1/example-1.mod.c, 54, -1
Node, 78, FunctionEntry, 81, "; Function Attrs: noinline nounwind optnone uwtable
define dso_local i32 @main(i32 %0, i8** %1) #0 !dbg !83 {
  %3 = alloca i32, align 4
  %4 = alloca i32, align 4
  %5 = alloca i8**, align 8
  store i32 0, i32* %3, align 4
  store i32 %0, i32* %4, align 4
  call void @llvm.dbg.declare(metadata i32* %4, metadata !89, metadata !DIExpression()), !dbg !90
  store i8** %1, i8*** %5, align 8
  call void @llvm.dbg.declare(metadata i8*** %5, metadata !91, metadata !DIExpression()), !dbg !92
  %6 = call i32 @ewma_main(), !dbg !93
  ret i32 %6, !dbg !94
}
", 78, na, na, /home/rbrotzman/conflict_analyzer/./tests/2021-08-18-13-40-21/example-1/example-1.mod.c, 71, -1
Node, 79, Param_FormalIn, 24, "No Value", 74, na, na, /home/rbrotzman/conflict_analyzer/./tests/2021-08-18-13-40-21/example-1/example-1.mod.c, 23, 0
Node, 80, Param_FormalIn, 26, "No Value", 74, na, na, /home/rbrotzman/conflict_analyzer/./tests/2021-08-18-13-40-21/example-1/example-1.mod.c, 23, 1
Node, 81, Param_FormalIn, 92, "No Value", 78, na, na, /home/rbrotzman/conflict_analyzer/./tests/2021-08-18-13-40-21/example-1/example-1.mod.c, 71, 0
Node, 82, Param_FormalIn, 94, "No Value", 78, na, na, /home/rbrotzman/conflict_analyzer/./tests/2021-08-18-13-40-21/example-1/example-1.mod.c, 71, 1
Node, 83, Param_FormalIn, 95, "No Value", 78, na, na, /home/rbrotzman/conflict_analyzer/./tests/2021-08-18-13-40-21/example-1/example-1.mod.c, 71, -1
Node, 84, Param_FormalOut, 25, "No Value", 74, na, na, /home/rbrotzman/conflict_analyzer/./tests/2021-08-18-13-40-21/example-1/example-1.mod.c, 23, 0
Node, 85, Param_FormalOut, 27, "No Value", 74, na, na, /home/rbrotzman/conflict_analyzer/./tests/2021-08-18-13-40-21/example-1/example-1.mod.c, 23, 1
Node, 86, Param_FormalOut, 93, "No Value", 78, na, na, /home/rbrotzman/conflict_analyzer/./tests/2021-08-18-13-40-21/example-1/example-1.mod.c, 71, 0
Node, 87, Param_FormalOut, 96, "No Value", 78, na, na, /home/rbrotzman/conflict_analyzer/./tests/2021-08-18-13-40-21/example-1/example-1.mod.c, 71, 1
Node, 88, Param_FormalOut, 97, "No Value", 78, na, na, /home/rbrotzman/conflict_analyzer/./tests/2021-08-18-13-40-21/example-1/example-1.mod.c, 71, -1
Node, 89, Param_ActualIn, 104, "No Value", 74, na, na, /home/rbrotzman/conflict_analyzer/./tests/2021-08-18-13-40-21/example-1/example-1.mod.c, 23, 0
Node, 90, Param_ActualIn, 106, "No Value", 74, na, na, /home/rbrotzman/conflict_analyzer/./tests/2021-08-18-13-40-21/example-1/example-1.mod.c, 23, 1
Node, 91, Param_ActualOut, 105, "No Value", 74, na, na, /home/rbrotzman/conflict_analyzer/./tests/2021-08-18-13-40-21/example-1/example-1.mod.c, 23, 0
Node, 92, Param_ActualOut, 107, "No Value", 74, na, na, /home/rbrotzman/conflict_analyzer/./tests/2021-08-18-13-40-21/example-1/example-1.mod.c, 23, 1
Node, 93, Annotation_Var, 56, "  call void @llvm.var.annotation(i8* %5, i8* getelementptr inbounds ([7 x i8], [7 x i8]* @.str.3, i32 0, i32 0), i8* getelementptr inbounds ([54 x i8], [54 x i8]* @.str.1, i32 0, i32 0), i32 59), !dbg !33", 77, na, na, /home/rbrotzman/conflict_analyzer/./tests/2021-08-18-13-40-21/example-1/example-1.mod.c, 59, -1
Node, 94, Annotation_Global, 112, "@llvm.global.annotations = appending global [3 x { i8*, i8*, i8*, i32 }] [{ i8*, i8*, i8*, i32 } { i8* bitcast (double* @get_a.a to i8*), i8* getelementptr inbounds ([7 x i8], [7 x i8]* @.str, i32 0, i32 0), i8* getelementptr inbounds ([54 x i8], [54 x i8]* @.str.1, i32 0, i32 0), i32 37 }, { i8*, i8*, i8*, i32 } { i8* bitcast (double ()* @get_a to i8*), i8* getelementptr inbounds ([16 x i8], [16 x i8]* @.str.2, i32 0, i32 0), i8* getelementptr inbounds ([54 x i8], [54 x i8]* @.str.1, i32 0, i32 0), i32 32 }, { i8*, i8*, i8*, i32 } { i8* bitcast (double* @get_b.b to i8*), i8* getelementptr inbounds ([7 x i8], [7 x i8]* @.str.3, i32 0, i32 0), i8* getelementptr inbounds ([54 x i8], [54 x i8]* @.str.1, i32 0, i32 0), i32 47 }], section ""llvm.metadata""", 0, na, na, Not Found, -1, -1
Edge, 1, ControlDep_CallInv, 4294967133, na, na, 1, 75, na, na, na
Edge, 2, ControlDep_CallInv, 4294967126, na, na, 2, 76, na, na, na
Edge, 3, ControlDep_CallInv, 4294967111, na, na, 3, 74, na, na, na
Edge, 4, ControlDep_CallInv, 4294967087, na, na, 5, 77, na, na, na
Edge, 5, ControlDep_CallRet, 4294967106, na, na, 15, 3, na, na, na
Edge, 6, ControlDep_CallRet, 4294967130, na, na, 16, 1, na, na, na
Edge, 7, ControlDep_CallRet, 4294967123, na, na, 17, 2, na, na, na
Edge, 8, ControlDep_CallRet, 4294967084, na, na, 18, 5, na, na, na
Edge, 9, ControlDep_Entry, 4294967220, na, na, 74, 24, na, na, na
Edge, 10, ControlDep_Entry, 4294967219, na, na, 74, 25, na, na, na
Edge, 11, ControlDep_Entry, 4294967218, na, na, 74, 26, na, na, na
Edge, 12, ControlDep_Entry, 4294967217, na, na, 74, 27, na, na, na
Edge, 13, ControlDep_Entry, 4294967215, na, na, 74, 28, na, na, na
Edge, 14, ControlDep_Entry, 4294967212, na, na, 74, 29, na, na, na
Edge, 15, ControlDep_Entry, 4294967211, na, na, 74, 30, na, na, na
Edge, 16, ControlDep_Entry, 4294967210, na, na, 74, 31, na, na, na
Edge, 17, ControlDep_Entry, 4294967209, na, na, 74, 33, na, na, na
Edge, 18, ControlDep_Entry, 4294967208, na, na, 74, 34, na, na, na
Edge, 19, ControlDep_Entry, 4294967207, na, na, 74, 35, na, na, na
Edge, 20, ControlDep_Entry, 4294967206, na, na, 74, 36, na, na, na
Edge, 21, ControlDep_Entry, 4294967205, na, na, 74, 37, na, na, na
Edge, 22, ControlDep_Entry, 4294967204, na, na, 74, 38, na, na, na
Edge, 23, ControlDep_Entry, 4294967203, na, na, 74, 39, na, na, na
Edge, 24, ControlDep_Entry, 4294967202, na, na, 74, 15, na, na, na
Edge, 25, ControlDep_Entry, 4294967193, na, na, 75, 41, na, na, na
Edge, 26, ControlDep_Entry, 4294967192, na, na, 75, 42, na, na, na
Edge, 27, ControlDep_Entry, 4294967191, na, na, 75, 43, na, na, na
Edge, 28, ControlDep_Entry, 4294967190, na, na, 75, 16, na, na, na
Edge, 29, ControlDep_Entry, 4294967194, na, na, 75, 40, na, na, na
Edge, 30, ControlDep_Entry, 4294967188, na, na, 76, 44, na, na, na
Edge, 31, ControlDep_Entry, 4294967187, na, na, 76, 32, na, na, na
Edge, 32, ControlDep_Entry, 4294967186, na, na, 76, 45, na, na, na
Edge, 33, ControlDep_Entry, 4294967185, na, na, 76, 46, na, na, na
Edge, 34, ControlDep_Entry, 4294967184, na, na, 76, 47, na, na, na
Edge, 35, ControlDep_Entry, 4294967183, na, na, 76, 17, na, na, na
Edge, 36, ControlDep_Entry, 4294967181, na, na, 77, 48, na, na, na
Edge, 37, ControlDep_Entry, 4294967180, na, na, 77, 49, na, na, na
Edge, 38, ControlDep_Entry, 4294967179, na, na, 77, 50, na, na, na
Edge, 39, ControlDep_Entry, 4294967178, na, na, 77, 51, na, na, na
Edge, 40, ControlDep_Entry, 4294967174, na, na, 77, 52, na, na, na
Edge, 41, ControlDep_Entry, 4294967171, na, na, 77, 53, na, na, na
Edge, 42, ControlDep_Entry, 4294967170, na, na, 77, 20, na, na, na
Edge, 43, ControlDep_Entry, 4294967169, na, na, 77, 54, na, na, na
Edge, 44, ControlDep_Entry, 4294967168, na, na, 77, 55, na, na, na
Edge, 45, ControlDep_Entry, 4294967167, na, na, 77, 21, na, na, na
Edge, 46, ControlDep_Entry, 4294967166, na, na, 77, 1, na, na, na
Edge, 47, ControlDep_Entry, 4294967165, na, na, 77, 56, na, na, na
Edge, 48, ControlDep_Entry, 4294967164, na, na, 77, 2, na, na, na
Edge, 49, ControlDep_Entry, 4294967163, na, na, 77, 57, na, na, na
Edge, 50, ControlDep_Entry, 4294967162, na, na, 77, 58, na, na, na
Edge, 51, ControlDep_Entry, 4294967161, na, na, 77, 59, na, na, na
Edge, 52, ControlDep_Entry, 4294967160, na, na, 77, 3, na, na, na
Edge, 53, ControlDep_Entry, 4294967159, na, na, 77, 60, na, na, na
Edge, 54, ControlDep_Entry, 4294967158, na, na, 77, 61, na, na, na
Edge, 55, ControlDep_Entry, 4294967157, na, na, 77, 4, na, na, na
Edge, 56, ControlDep_Entry, 4294967156, na, na, 77, 22, na, na, na
Edge, 57, ControlDep_Entry, 4294967155, na, na, 77, 62, na, na, na
Edge, 58, ControlDep_Entry, 4294967154, na, na, 77, 63, na, na, na
Edge, 59, ControlDep_Entry, 4294967153, na, na, 77, 64, na, na, na
Edge, 60, ControlDep_Entry, 4294967152, na, na, 77, 23, na, na, na
Edge, 61, ControlDep_Entry, 4294967151, na, na, 77, 18, na, na, na
Edge, 62, ControlDep_Entry, 4294967104, na, na, 78, 65, na, na, na
Edge, 63, ControlDep_Entry, 4294967103, na, na, 78, 66, na, na, na
Edge, 64, ControlDep_Entry, 4294967102, na, na, 78, 67, na, na, na
Edge, 65, ControlDep_Entry, 4294967101, na, na, 78, 68, na, na, na
Edge, 66, ControlDep_Entry, 4294967100, na, na, 78, 69, na, na, na
Edge, 67, ControlDep_Entry, 4294967098, na, na, 78, 70, na, na, na
Edge, 68, ControlDep_Entry, 4294967096, na, na, 78, 5, na, na, na
Edge, 69, ControlDep_Entry, 4294967095, na, na, 78, 19, na, na, na
Edge, 70, ControlDep_Br, 4294967150, na, na, 21, 1, na, na, na
Edge, 71, ControlDep_Br, 4294967149, na, na, 21, 56, na, na, na
Edge, 72, ControlDep_Br, 4294967148, na, na, 21, 2, na, na, na
Edge, 73, ControlDep_Br, 4294967147, na, na, 21, 57, na, na, na
Edge, 74, ControlDep_Br, 4294967146, na, na, 21, 58, na, na, na
Edge, 75, ControlDep_Br, 4294967145, na, na, 21, 59, na, na, na
Edge, 76, ControlDep_Br, 4294967144, na, na, 21, 3, na, na, na
Edge, 77, ControlDep_Br, 4294967143, na, na, 21, 60, na, na, na
Edge, 78, ControlDep_Br, 4294967142, na, na, 21, 61, na, na, na
Edge, 79, ControlDep_Br, 4294967141, na, na, 21, 4, na, na, na
Edge, 80, ControlDep_Br, 4294967140, na, na, 21, 22, na, na, na
Edge, 81, ControlDep_Br, 4294967139, na, na, 21, 62, na, na, na
Edge, 82, ControlDep_Br, 4294967138, na, na, 21, 63, na, na, na
Edge, 83, ControlDep_Br, 4294967137, na, na, 21, 64, na, na, na
Edge, 84, ControlDep_Br, 4294967136, na, na, 21, 23, na, na, na
Edge, 85, DataDepEdge_DefUse, 4294967230, na, na, 71, 39, na, na, na
Edge, 86, DataDepEdge_DefUse, 4294967229, na, na, 71, 38, na, na, na
Edge, 87, DataDepEdge_DefUse, 4294967228, na, na, 71, 35, na, na, na
Edge, 88, DataDepEdge_DefUse, 4294967227, na, na, 72, 43, na, na, na
Edge, 89, DataDepEdge_DefUse, 4294967226, na, na, 72, 42, na, na, na
Edge, 90, DataDepEdge_DefUse, 4294967225, na, na, 72, 40, na, na, na
Edge, 91, DataDepEdge_DefUse, 4294967224, na, na, 73, 47, na, na, na
Edge, 92, DataDepEdge_DefUse, 4294967223, na, na, 73, 46, na, na, na
Edge, 93, DataDepEdge_DefUse, 4294967222, na, na, 73, 32, na, na, na
Edge, 94, DataDepEdge_DefUse, 4294967221, na, na, 73, 44, na, na, na
Edge, 95, DataDepEdge_DefUse, 4294967289, na, na, 24, 30, na, na, na
Edge, 96, DataDepEdge_DefUse, 4294967288, na, na, 24, 27, na, na, na
Edge, 97, DataDepEdge_DefUse, 4294967287, na, na, 25, 31, na, na, na
Edge, 98, DataDepEdge_DefUse, 4294967286, na, na, 25, 28, na, na, na
Edge, 99, DataDepEdge_DefUse, 4294967285, na, na, 26, 29, na, na, na
Edge, 100, DataDepEdge_DefUse, 4294967284, na, na, 30, 33, na, na, na
Edge, 101, DataDepEdge_DefUse, 4294967282, na, na, 31, 33, na, na, na
Edge, 102, DataDepEdge_DefUse, 4294967268, na, na, 32, 45, na, na, na
Edge, 103, DataDepEdge_DefUse, 4294967280, na, na, 33, 34, na, na, na
Edge, 104, DataDepEdge_DefUse, 4294967279, na, na, 34, 37, na, na, na
Edge, 105, DataDepEdge_DefUse, 4294967278, na, na, 35, 36, na, na, na
Edge, 106, DataDepEdge_DefUse, 4294967277, na, na, 36, 37, na, na, na
Edge, 107, DataDepEdge_DefUse, 4294967276, na, na, 37, 38, na, na, na
Edge, 108, DataDepEdge_DefUse, 4294967275, na, na, 39, 15, na, na, na
Edge, 109, DataDepEdge_DefUse, 4294967273, na, na, 40, 41, na, na, na
Edge, 110, DataDepEdge_DefUse, 4294967272, na, na, 41, 42, na, na, na
Edge, 111, DataDepEdge_DefUse, 4294967271, na, na, 43, 16, na, na, na
Edge, 112, DataDepEdge_DefUse, 4294967269, na, na, 44, 45, na, na, na
Edge, 113, DataDepEdge_DefUse, 4294967267, na, na, 45, 46, na, na, na
Edge, 114, DataDepEdge_DefUse, 4294967266, na, na, 47, 17, na, na, na
Edge, 115, DataDepEdge_DefUse, 4294967264, na, na, 48, 58, na, na, na
Edge, 116, DataDepEdge_DefUse, 4294967263, na, na, 48, 56, na, na, na
Edge, 117, DataDepEdge_DefUse, 4294967262, na, na, 49, 59, na, na, na
Edge, 118, DataDepEdge_DefUse, 4294967261, na, na, 49, 57, na, na, na
Edge, 119, DataDepEdge_DefUse, 4294967260, na, na, 50, 61, na, na, na
Edge, 120, DataDepEdge_DefUse, 4294967259, na, na, 50, 60, na, na, na
Edge, 121, DataDepEdge_DefUse, 4294967258, na, na, 50, 52, na, na, na
Edge, 122, DataDepEdge_DefUse, 4294967257, na, na, 51, 64, na, na, na
Edge, 123, DataDepEdge_DefUse, 4294967256, na, na, 51, 62, na, na, na
Edge, 124, DataDepEdge_DefUse, 4294967255, na, na, 51, 54, na, na, na
Edge, 125, DataDepEdge_DefUse, 4294967254, na, na, 51, 53, na, na, na
Edge, 126, DataDepEdge_DefUse, 4294967251, na, na, 54, 55, na, na, na
Edge, 127, DataDepEdge_DefUse, 4294967250, na, na, 55, 21, na, na, na
Edge, 128, DataDepEdge_DefUse, 4294967249, na, na, 1, 56, na, na, na
Edge, 129, DataDepEdge_DefUse, 4294967248, na, na, 2, 57, na, na, na
Edge, 130, DataDepEdge_DefUse, 4294967247, na, na, 58, 3, na, na, na
Edge, 131, DataDepEdge_DefUse, 4294967245, na, na, 59, 3, na, na, na
Edge, 132, DataDepEdge_DefUse, 4294967243, na, na, 3, 60, na, na, na
Edge, 133, DataDepEdge_DefUse, 4294967242, na, na, 61, 4, na, na, na
Edge, 134, DataDepEdge_DefUse, 4294967240, na, na, 62, 63, na, na, na
Edge, 135, DataDepEdge_DefUse, 4294967239, na, na, 63, 64, na, na, na
Edge, 136, DataDepEdge_DefUse, 4294967238, na, na, 65, 68, na, na, na
Edge, 137, DataDepEdge_DefUse, 4294967237, na, na, 66, 69, na, na, na
Edge, 138, DataDepEdge_DefUse, 4294967236, na, na, 67, 70, na, na, na
Edge, 139, DataDepEdge_DefUse, 4294967235, na, na, 5, 19, na, na, na
Edge, 140, DataDepEdge_RAW, 4294967283, na, na, 27, 30, na, na, na
Edge, 141, DataDepEdge_RAW, 4294967281, na, na, 28, 31, na, na, na
Edge, 142, DataDepEdge_RAW, 4294967274, na, na, 38, 39, na, na, na
Edge, 143, DataDepEdge_RAW, 4294967270, na, na, 42, 43, na, na, na
Edge, 144, DataDepEdge_RAW, 4294967265, na, na, 46, 47, na, na, na
Edge, 145, DataDepEdge_RAW, 4294967246, na, na, 56, 58, na, na, na
Edge, 146, DataDepEdge_RAW, 4294967244, na, na, 57, 59, na, na, na
Edge, 147, DataDepEdge_RAW, 4294967241, na, na, 60, 61, na, na, na
Edge, 148, DataDepEdge_Ret, 4294967105, na, na, 15, 3, na, na, na
Edge, 149, DataDepEdge_Ret, 4294967129, na, na, 16, 1, na, na, na
Edge, 150, DataDepEdge_Ret, 4294967122, na, na, 17, 2, na, na, na
Edge, 151, DataDepEdge_Ret, 4294967083, na, na, 18, 5, na, na, na
Edge, 152, DataDepEdge_Alias, 4294967252, na, na, 52, 50, na, na, na
Edge, 153, Parameter_In, 4294967199, na, na, 79, 30, na, na, na
Edge, 154, Parameter_In, 4294967201, na, na, 74, 79, na, na, na
Edge, 155, Parameter_In, 4294967198, na, na, 74, 80, na, na, na
Edge, 156, Parameter_In, 4294967196, na, na, 80, 31, na, na, na
Edge, 157, Parameter_In, 4294967119, na, na, 58, 89, na, na, na
Edge, 158, Parameter_In, 4294967115, na, na, 59, 90, na, na, na
Edge, 159, Parameter_In, 4294967121, na, na, 3, 89, na, na, na
Edge, 160, Parameter_In, 4294967117, na, na, 3, 90, na, na, na
Edge, 161, Parameter_In, 4294967094, na, na, 78, 81, na, na, na
Edge, 162, Parameter_In, 4294967092, na, na, 78, 82, na, na, na
Edge, 163, Parameter_In, 4294967110, na, na, 89, 79, na, na, na
Edge, 164, Parameter_In, 4294967109, na, na, 90, 80, na, na, na
Edge, 165, Parameter_Out, 4294967200, na, na, 74, 84, na, na, na
Edge, 166, Parameter_Out, 4294967197, na, na, 74, 85, na, na, na
Edge, 167, Parameter_Out, 4294967120, na, na, 3, 91, na, na, na
Edge, 168, Parameter_Out, 4294967116, na, na, 3, 92, na, na, na
Edge, 169, Parameter_Out, 4294967093, na, na, 78, 86, na, na, na
Edge, 170, Parameter_Out, 4294967091, na, na, 78, 87, na, na, na
Edge, 171, Parameter_Out, 4294967118, na, na, 91, 58, na, na, na
Edge, 172, Parameter_Out, 4294967114, na, na, 92, 59, na, na, na
Edge, 173, Parameter_Field, 4294967294, na, na, 82, 83, na, na, na
Edge, 174, Parameter_Field, 4294967293, na, na, 87, 88, na, na, na
Edge, 175, Anno_Global, 4294967292, na, na, 72, 94, na, na, na
Edge, 176, Anno_Global, 4294967290, na, na, 73, 94, na, na, na
Edge, 177, Anno_Global, 4294967291, na, na, 75, 94, na, na, na
Edge, 178, Anno_Var, 4294967173, na, na, 77, 93, na, na, na
Edge, 179, Anno_Var, 4294967253, na, na, 52, 93, na, na, na
